<?xml version="1.0" encoding="UTF-8" standalone="yes"?>
<addon id="script.XstreamingTV" name="XstreamingTV Menus" version="1.0.2" provider-name="XstreamingTV">
	<requires>
		<import addon="xbmc.python" version="2.19.0"/>
	</requires>
	<extension point="xbmc.python.script" library="addon.py">
            <provides>executable</provides>
    </extension>
    <extension point="xbmc.service" library="service.py" start="login"/>
	<extension point="xbmc.addon.metadata">
		<language></language>
		<platform>all</platform>
		<license>GPLv2</license>
	</extension>
</addon>
