<?xml version="1.0" encoding="utf-8"?>
<window>
	<defaultcontrol always="true">9000</defaultcontrol>
	<allowoverlay>no</allowoverlay>
	<onload condition="Window.Previous(startup)">SetFocus(9000,2,absolute)</onload>
	<onload>ClearProperty(HomeWidget,Home)</onload>
	<onload>RunScript(script.skinshortcuts,type=buildxml&amp;mainmenuID=9000&amp;group=x1|x2|x3|x4|x5|x6|x7|x8|x9|x10|x11|x12|x13|x101|x202|x303|x404|x505|x606)</onload>
	<controls>
          <control type="image">
	    <description>Normal Default Background Image</description>
	    <include>FullscreenDimensions</include>
            <texture fallback="special://skin/backgrounds/homebg.jpg" background="true">special://skin/backgrounds/homebg.jpg</texture>
	    <visible>![ControlGroup(9003).HasFocus() | ControlGroup(9004).HasFocus()]</visible>
	    <include>VisibleFadeAnimation</include>
          </control>
            <include condition="!Skin.HasSetting(Disable.Videoinfo)">NowPlayingVideoWidget</include>
	    <include condition="!Skin.HasSetting(Disable.Musicinfo)">NowPlayingMusicWidget</include>
	    <include>HomeRecentlyAddedInfo</include>
	    <include>HomeRecentlyAddedInfoAlt</include>
	    <include>WeatherWidget</include>
	    <include>LiveTVWidget</include>
            <control type="group">
              <control type="label">
                <posx>40</posx>
                <posy>40</posy>
                <width>auto</width>
                <height>60</height>
                <label>HOME</label>
                <font>font35_title_bold</font>
              </control>
              <control type="label" id="9025">
                <posy>30</posy>
                <posx>600r</posx>
	        <width>auto</width>
	        <height>41</height>
	        <label>[COLOR white3]$INFO[System.Date][/COLOR]</label>
	        <font>font16_title</font>
	        <textcolor>themecolor</textcolor>
	        <shadowcolor>shadow</shadowcolor>
	      </control>
              <control type="label" id="9026">
                <posy>80</posy>
                <posx>278r</posx>
	        <width>auto</width>
	        <height>41</height>
	        <label>[COLOR white3]$INFO[System.Time][/COLOR]</label>
	        <font>font16_title_bold</font>
	        <textcolor>themecolor</textcolor>
	        <shadowcolor>shadow</shadowcolor>
	      </control>
            </control>
            <control type="grouplist" id="9000">
              <description>Buttton GroupList</description>
              <posx>43</posx>
              <posy>580</posy>
              <width>100%</width>
              <height>500</height>
              <itemgap>10</itemgap>
              <pagecontrol>25</pagecontrol>
              <scrolltime tween="sine" easing="out">200</scrolltime>
              <orientation>horizontal</orientation>
              <visible>true</visible>
              <ondown>9001</ondown>
              <control type="button" id="1">
                <description>Home button control</description>
                <width>300</width>
                <height>350</height>
                <visible>true</visible>
                <colordiffuse>FFFFFFFF</colordiffuse>
                <fadetime>200</fadetime>
                <texturenofocus>TVGuideHomeNoFocus.png</texturenofocus>
                <texturefocus>TVGuideHomeFocus.png</texturefocus>
                <bordersize>5</bordersize>
                <aspectratio>keep</aspectratio>
                <onleft>4</onleft>
                <onright>2</onright>
                <onclick>PlayMedia(plugin://script.XstreamingTV/?mode=TVGuide)</onclick>
              </control>
              <control type="button" id="2">
                <description>LIVE TV Button control.</description>
                <width>300</width>
                <height>350</height>
                <visible>true</visible>
                <colordiffuse>FFFFFFFF</colordiffuse>
                <fadetime>200</fadetime>
                <texturenofocus>LiveTVHomeNoFocus.png</texturenofocus>
                <texturefocus>LiveTVHomeFocus.png</texturefocus>
                <bordersize>5</bordersize>
                <aspectratio>keep</aspectratio>
                <onleft>1</onleft>
                <onright>3</onright>
                <onclick>PlayMedia(plugin://script.XstreamingTV/?mode=LIVETV)</onclick>
              </control>
              <control type="button" id="3">
                <description>Sports Button control.</description>
                <width>300</width>
                <height>350</height>
                <visible>true</visible>
                <colordiffuse>FFFFFFFF</colordiffuse>
                <fadetime>200</fadetime>
                <texturenofocus>SportsHomeNoFocus.png</texturenofocus>
                <texturefocus>SportsHomeFocus.png</texturefocus>
                <bordersize>5</bordersize>
                <aspectratio>keep</aspectratio>
                <onleft>2</onleft>
                <onright>4</onright>
                <onclick>PlayMedia(plugin://script.XstreamingTV/?mode=Sports)</onclick>
              </control>
              <control type="button" id="4">
                <description>VOD button control.</description>
                <width>300</width>
                <height>350</height>
                <visible>true</visible>
                <colordiffuse>FFFFFFFF</colordiffuse>
                <fadetime>200</fadetime>
                <texturenofocus>VODHomeNoFocus.png</texturenofocus>
                <texturefocus>VODHomeFocus.png</texturefocus>
                <bordersize>5</bordersize>
                <aspectratio>keep</aspectratio>
                <onleft>3</onleft>
                <onright>1</onright>
                <onclick>PlayMedia(plugin://script.XstreamingTV/?mode=OnDemand)</onclick>
              </control>
              <control type="button" id="5">
                <description>Extra Button control.</description>
                <width>300</width>
                <height>350</height>
                <visible>true</visible>
                <colordiffuse>FFFFFFFF</colordiffuse>
                <fadetime>200</fadetime>
                <texturenofocus>ExtraHomeNoFocus.png</texturenofocus>
                <texturefocus>ExtraHomeFocus.png</texturefocus>
                <bordersize>5</bordersize>
                <aspectratio>keep</aspectratio>
                <onleft>2</onleft>
                <onright>4</onright>
                <onclick>PlayMedia(plugin://script.XstreamingTV/?mode=Extra)</onclick>
              </control>
              <control type="button" id="6">
                <description>Favourite Button control.</description>
                <width>300</width>
                <height>350</height>
                <visible>true</visible>
                <colordiffuse>FFFFFFFF</colordiffuse>
                <fadetime>200</fadetime>
                <texturenofocus>FavouritesHomeNoFocus.png</texturenofocus>
                <texturefocus>FavouritesHomeFocus.png</texturefocus>
                <bordersize>5</bordersize>
                <aspectratio>keep</aspectratio>
                <onleft>2</onleft>
                <onright>4</onright>
                <onclick>ActivateWindow(favourites)</onclick>
              </control>
            </control>
            <control type="grouplist" id="9001">
              <description>Buttton GroupList</description>
              <posx>1130</posx>
              <posy>960</posy>
              <width>800</width>
              <height>500</height>
              <itemgap>5</itemgap>
              <pagecontrol>25</pagecontrol>
              <scrolltime tween="sine" easing="out">200</scrolltime>
              <orientation>horizontal</orientation>
              <visible>true</visible>
              <onup>9000</onup>
              <control type="button" id="7">
                <description>Home button control</description>
                <width>250</width>
                <height>80</height>
                <visible>true</visible>
                <colordiffuse>FFFFFFFF</colordiffuse>
                <fadetime>200</fadetime>
                <texturenofocus>SettingsDownNoFocus.png</texturenofocus>
                <texturefocus>SettingsDownFocus.png</texturefocus>
                <bordersize>5</bordersize>
                <aspectratio>keep</aspectratio>
                <onleft>9</onleft>
                <onright>8</onright>
                <onclick>PlayMedia(plugin://script.XstreamingTV/?mode=Settings)</onclick>
              </control>
              <control type="button" id="8">
                <description>Home button control</description>
                <width>250</width>
                <height>80</height>
                <visible>true</visible>
                <colordiffuse>FFFFFFFF</colordiffuse>
                <fadetime>200</fadetime>
                <texturenofocus>StatusDownNoFocus.png</texturenofocus>
                <texturefocus>StatusDownFocus.png</texturefocus>
                <bordersize>5</bordersize>
                <aspectratio>keep</aspectratio>
                <onleft>7</onleft>
                <onright>9</onright>
                <onclick>PlayMedia(plugin://script.XstreamingTV/?mode=Status)</onclick>
              </control>
              <control type="button" id="9">
                <description>Home button control</description>
                <width>250</width>
                <height>80</height>
                <visible>true</visible>
                <colordiffuse>FFFFFFFF</colordiffuse>
                <fadetime>200</fadetime>
                <texturenofocus>ExitDownNoFocus.png</texturenofocus>
                <texturefocus>ExitDownFocus.png</texturefocus>
                <bordersize>5</bordersize>
                <aspectratio>keep</aspectratio>
                <onleft>8</onleft>
                <onright>7</onright>
                <onclick>PlayMedia(plugin://script.XstreamingTV/?mode=Exit)</onclick>
              </control>
            </control>
	</controls>
</window>
