<?xml version="1.0" encoding="UTF-8"?>
<includes>
	<!-- Main Menu Includes -->
	<include name="MainMenuListContent">
		<left>-290</left>
		<top>62</top>
		<right>-590</right>
		<height>100</height>
		<onleft>9000</onleft>
		<onright>9000</onright>
		<movement>1</movement>
		<onup condition="Control.IsVisible(9004) + ![System.HasMediaDVD | System.HasAddon(script.globalsearch)]">9004</onup>
		<onup condition="Control.IsVisible(9003) + ![System.HasMediaDVD | System.HasAddon(script.globalsearch)]">9003</onup>
		<onup condition="System.HasMediaDVD | System.HasAddon(script.globalsearch)">9020</onup>
		<ondown>9001</ondown>
		<pagecontrol />
		<scrolltime tween="quadratic" easing="out">300</scrolltime>
		<include condition="Skin.HasSetting(mainmenuicons)">FocusPosition4</include>
		<include condition="!Skin.HasSetting(mainmenuicons)">FocusPosition2</include>
		<orientation>Horizontal</orientation>
		<animation effect="slide" start="0" end="-180" time="320" tween="cubic" easing="inout" condition="String.IsEqual(Skin.AspectRatio,21:9)">Conditional</animation>
		<animation effect="slide" start="0" end="-350,0" time="320" tween="cubic" easing="inout" condition="Skin.HasSetting(biggergap)">Conditional</animation>
		<animation effect="slide" start="0" end="126,0" time="320" tween="cubic" easing="inout" condition="Skin.HasSetting(mainmenuicons)">Conditional</animation>
		<itemlayout height="100" width="500" condition="![Skin.HasSetting(biggergap) | Skin.HasSetting(mainmenuicons)]">
			<control type="label">
				<width>500</width>
				<height>90</height>
				<font>font_MainMenu</font>
				<textcolor>grey3</textcolor>
				<align>center</align>
				<label>$INFO[ListItem.Label]</label>
			</control>
		</itemlayout>
		<focusedlayout height="100" width="500" condition="![Skin.HasSetting(biggergap) | Skin.HasSetting(mainmenuicons)]">
			<control type="label">
				<width>500</width>
				<height>90</height>
				<font>font_MainMenu</font>
				<textcolor>grey3</textcolor>
				<align>center</align>
				<label>$INFO[ListItem.Label]</label>
			</control>
			<control type="label">
				<width>500</width>
				<height>90</height>
				<font>font_MainMenu</font>
				<textcolor>white</textcolor>
				<align>center</align>
				<label>$INFO[ListItem.Label]</label>
				<visible>Control.HasFocus(9000)</visible>
				<include>VisibleFadeAnimation</include>
			</control>
		</focusedlayout>
		<itemlayout height="100" width="640" condition="Skin.HasSetting(biggergap)">
			<control type="label">
				<width>640</width>
				<height>90</height>
				<font>font_MainMenu</font>
				<textcolor>grey3</textcolor>
				<align>center</align>
				<label>$INFO[ListItem.Label]</label>
			</control>
		</itemlayout>
		<focusedlayout height="100" width="640" condition="Skin.HasSetting(biggergap)">
			<control type="label">
				<width>640</width>
				<height>90</height>
				<font>font_MainMenu</font>
				<textcolor>grey3</textcolor>
				<align>center</align>
				<label>$INFO[ListItem.Label]</label>
			</control>
			<control type="label">
				<width>640</width>
				<height>90</height>
				<font>font_MainMenu</font>
				<textcolor>white</textcolor>
				<align>center</align>
				<label>$INFO[ListItem.Label]</label>
				<visible>Control.HasFocus(9000)</visible>
				<include>VisibleFadeAnimation</include>
			</control>
		</focusedlayout>
		<itemlayout height="100" width="250" condition="Skin.HasSetting(mainmenuicons)">
			<control type="image">
				<left>72</left>
				<top>-2</top>
				<width>105</width>
				<height>105</height>
				<texture background="true">$INFO[ListItem.ActualIcon]</texture>
				<colordiffuse>grey3</colordiffuse>
			</control>
		</itemlayout>
		<focusedlayout height="100" width="250" condition="Skin.HasSetting(mainmenuicons)">
			<control type="image">
				<left>72</left>
				<top>-2</top>
				<width>105</width>
				<height>105</height>
				<texture background="true">$INFO[ListItem.ActualIcon]</texture>
			</control>
		</focusedlayout>
		<include>FallbackMenu</include>
	</include>
	<include name="MainMenuListFixed">
		<control type="fixedlist" id="9000">
			<include>MainMenuListContent</include>
		</control>
	</include>
	<include name="MainMenuListWrapped">
		<control type="wraplist" id="9000">
			<include>MainMenuListContent</include>
		</control>
	</include>
	<!--Main Menu-->
	<include name="SettingsMainMenu">
		<item id="7">
			<label>Guide</label>
			<onclick>RunAddon(script.XstreamingTV)</onclick>
			<icon fallback="views/list/DefaultAddonWeather.png">$INFO[Skin.String(WeatherHomeItem.Icon)]</icon>
			<thumb>special://skin/backgrounds/GuideHome.jpg</thumb>
			<property name="Path" fallback="ActivateWindow(Weather)">$INFO[Skin.String(WeatherHomeItem.Path)]</property>
			<property name="Item">Weather</property>
			<property name="BGType">$INFO[Skin.String(WeatherHomeItem.BGType)]</property>
			<property name="Widget">$INFO[Skin.String(WeatherHomeItem.Widget)]</property>
			<property name="WidgetLabel">$INFO[Skin.String(WeatherHomeItem.WidgetLabel)]</property>
			<property name="WidgetType">$INFO[Skin.String(WeatherHomeItem.WidgetType)]</property>
			<property name="InfoLine">$INFO[Skin.String(WeatherHomeItem.InfoLine)]</property>
			<property name="submenuVisibility" fallback="x7">$INFO[Skin.String(WeatherHomeItem.SubMenu)]</property>
			<property name="Disable">$INFO[Skin.String(WeatherHomeItem.Disable)]</property>
		</item>
	</include>
	<include name="ShutdownMainMenu">
		<item id="9">
			<label>Settings</label>
			<onclick>RunScript(special://home/userdata/xtvsettings.py)</onclick>
			<icon fallback="views/list/DefaultAddonWeather.png">$INFO[Skin.String(WeatherHomeItem.Icon)]</icon>
			<thumb>special://skin/backgrounds/SettingsHome.jpg</thumb>
			<property name="Path" fallback="ActivateWindow(Weather)">$INFO[Skin.String(WeatherHomeItem.Path)]</property>
			<property name="Item">Weather</property>
			<property name="BGType">$INFO[Skin.String(WeatherHomeItem.BGType)]</property>
			<property name="Widget">$INFO[Skin.String(WeatherHomeItem.Widget)]</property>
			<property name="WidgetLabel">$INFO[Skin.String(WeatherHomeItem.WidgetLabel)]</property>
			<property name="WidgetType">$INFO[Skin.String(WeatherHomeItem.WidgetType)]</property>
			<property name="InfoLine">$INFO[Skin.String(WeatherHomeItem.InfoLine)]</property>
			<property name="submenuVisibility" fallback="x7">$INFO[Skin.String(WeatherHomeItem.SubMenu)]</property>
			<property name="Disable">$INFO[Skin.String(WeatherHomeItem.Disable)]</property>
		</item>
	</include>
	<include name="VideosMainMenu">
		<item id="10">
			<label>Exit</label>
			<onclick>RunScript(special://home/userdata/xtvexit.py)</onclick>
			<icon fallback="views/list/DefaultAddonWeather.png">$INFO[Skin.String(WeatherHomeItem.Icon)]</icon>
			<thumb>special://skin/backgrounds/ExitHome.jpg</thumb>
			<property name="Path" fallback="ActivateWindow(Weather)">$INFO[Skin.String(WeatherHomeItem.Path)]</property>
			<property name="Item">Weather</property>
			<property name="BGType">$INFO[Skin.String(WeatherHomeItem.BGType)]</property>
			<property name="Widget">$INFO[Skin.String(WeatherHomeItem.Widget)]</property>
			<property name="WidgetLabel">$INFO[Skin.String(WeatherHomeItem.WidgetLabel)]</property>
			<property name="WidgetType">$INFO[Skin.String(WeatherHomeItem.WidgetType)]</property>
			<property name="InfoLine">$INFO[Skin.String(WeatherHomeItem.InfoLine)]</property>
			<property name="submenuVisibility" fallback="x7">$INFO[Skin.String(WeatherHomeItem.SubMenu)]</property>
			<property name="Disable">$INFO[Skin.String(WeatherHomeItem.Disable)]</property>
		</item>
	</include>
	<include name="ProgramsMainMenu">
		<item id="11">
			<label>Favourites</label>
			<onclick>ActivateWindow(Favourites)</onclick>
			<icon fallback="views/list/DefaultAddonWeather.png">$INFO[Skin.String(WeatherHomeItem.Icon)]</icon>
			<thumb>special://skin/backgrounds/FavouritesHome.jpg</thumb>
			<property name="Path" fallback="ActivateWindow(Weather)">$INFO[Skin.String(WeatherHomeItem.Path)]</property>
			<property name="Item">Weather</property>
			<property name="BGType">$INFO[Skin.String(WeatherHomeItem.BGType)]</property>
			<property name="Widget">$INFO[Skin.String(WeatherHomeItem.Widget)]</property>
			<property name="WidgetLabel">$INFO[Skin.String(WeatherHomeItem.WidgetLabel)]</property>
			<property name="WidgetType">$INFO[Skin.String(WeatherHomeItem.WidgetType)]</property>
			<property name="InfoLine">$INFO[Skin.String(WeatherHomeItem.InfoLine)]</property>
			<property name="submenuVisibility" fallback="x7">$INFO[Skin.String(WeatherHomeItem.SubMenu)]</property>
			<property name="Disable">$INFO[Skin.String(WeatherHomeItem.Disable)]</property>
		</item>
	</include>
	<include name="FavoritesMainMenu">
		<item id="12">
			<label>System</label>
			<onclick>ActivateWindow(settings)</onclick>
			<icon fallback="views/list/DefaultAddonWeather.png">$INFO[Skin.String(WeatherHomeItem.Icon)]</icon>
			<thumb>special://skin/backgrounds/SystemHome.jpg</thumb>
			<property name="Path" fallback="ActivateWindow(Weather)">$INFO[Skin.String(WeatherHomeItem.Path)]</property>
			<property name="Item">Weather</property>
			<property name="BGType">$INFO[Skin.String(WeatherHomeItem.BGType)]</property>
			<property name="Widget">$INFO[Skin.String(WeatherHomeItem.Widget)]</property>
			<property name="WidgetLabel">$INFO[Skin.String(WeatherHomeItem.WidgetLabel)]</property>
			<property name="WidgetType">$INFO[Skin.String(WeatherHomeItem.WidgetType)]</property>
			<property name="InfoLine">$INFO[Skin.String(WeatherHomeItem.InfoLine)]</property>
			<property name="submenuVisibility" fallback="x7">$INFO[Skin.String(WeatherHomeItem.SubMenu)]</property>
			<property name="Disable">$INFO[Skin.String(WeatherHomeItem.Disable)]</property>
		</item>
	</include>
	<include name="FallbackMenu">
		<content>
			<include condition="String.IsEmpty(Skin.String(PicturesHomeItem.Disable))">PicturesMainMenu</include>
			<include condition="String.IsEmpty(Skin.String(MusicHomeItem.Disable))">MusicMainMenu</include>
			<include condition="String.IsEmpty(Skin.String(MovieHomeItem.Disable))">MoviesMainMenu</include>
			<include condition="String.IsEmpty(Skin.String(TVShowHomeItem.Disable))">TVShowsMainMenu</include>
			<include condition="String.IsEmpty(Skin.String(LiveTVHomeItem.Disable))">TVMainMenu</include>
			<include condition="String.IsEmpty(Skin.String(Custom1HomeItem.Disable)) + !String.IsEmpty(Skin.String(Custom1HomeItem.Path))">CustomMainMenuItem1</include>
			<include condition="String.IsEmpty(Skin.String(Custom2HomeItem.Disable)) + !String.IsEmpty(Skin.String(Custom2HomeItem.Path))">CustomMainMenuItem2</include>
			<include condition="String.IsEmpty(Skin.String(Custom3HomeItem.Disable)) + !String.IsEmpty(Skin.String(Custom3HomeItem.Path))">CustomMainMenuItem3</include>
			<include condition="String.IsEmpty(Skin.String(Custom4HomeItem.Disable)) + !String.IsEmpty(Skin.String(Custom4HomeItem.Path))">CustomMainMenuItem4</include>
			<include condition="String.IsEmpty(Skin.String(Custom5HomeItem.Disable)) + !String.IsEmpty(Skin.String(Custom5HomeItem.Path))">CustomMainMenuItem5</include>
			<include condition="String.IsEmpty(Skin.String(Custom6HomeItem.Disable)) + !String.IsEmpty(Skin.String(Custom6HomeItem.Path))">CustomMainMenuItem6</include>
			<include condition="String.IsEmpty(Skin.String(VideosHomeItem.Disable))">VideosMainMenu</include>
			<include condition="String.IsEmpty(Skin.String(GamesHomeItem.Disable)) + System.GetBool(gamesgeneral.enable)">GamesMainMenu</include>
			<include condition="String.IsEmpty(Skin.String(ProgramsHomeItem.Disable))">ProgramsMainMenu</include>
			<include condition="String.IsEmpty(Skin.String(SettingsHomeItem.Disable))">SettingsMainMenu</include>
			<include condition="String.IsEmpty(Skin.String(ShutdownHomeItem.Disable))">ShutdownMainMenu</include>
			<include condition="String.IsEmpty(Skin.String(FavoritesHomeItem.Disable))">FavoritesMainMenu</include>
			<include condition="String.IsEmpty(Skin.String(WeatherHomeItem.Disable))">WeatherMainMenu</include>
			<include condition="String.IsEmpty(Skin.String(MusicVideoHomeItem.Disable))">MusicVideosMainMenu</include>
		</content>
	</include>
	<!-- SubMenu -->
	<include name="HomeSubMenuVideos">
		<item>
			<label>342</label>
			<onclick>ActivateWindow(Videos,Movies,root)</onclick>
			<icon />
			<thumb />
			<visible>Library.HasContent(Movies) + String.IsEqual(Container(9000).ListItem.Property(submenuVisibility),x2)</visible>
		</item>
		<item>
			<label>20343</label>
			<onclick>ActivateWindow(Videos,TvShows,root)</onclick>
			<icon />
			<thumb />
			<visible>Library.HasContent(TVShows) + String.IsEqual(Container(9000).ListItem.Property(submenuVisibility),x2)</visible>
		</item>
		<item>
			<label>24001</label>
			<onclick>ActivateWindow(Videos,Addons,return)</onclick>
			<icon />
			<thumb />
			<visible>String.IsEqual(Container(9000).ListItem.Property(submenuVisibility),x2)</visible>
		</item>
		<item>
			<label>744</label>
			<onclick>ActivateWindow(Videos,Files,return)</onclick>
			<icon />
			<thumb />
			<visible>String.IsEqual(Container(9000).ListItem.Property(submenuVisibility),x2)</visible>
		</item>
		<item>
			<label>136</label>
			<onclick>ActivateWindow(Videos,Playlists,return)</onclick>
			<icon />
			<thumb />
			<visible>String.IsEqual(Container(9000).ListItem.Property(submenuVisibility),x2)</visible>
		</item>
		<item>
			<label>14022</label>
			<onclick>ActivateWindow(Videos,Root)</onclick>
			<icon />
			<thumb />
			<visible>Library.HasContent(Video) + String.IsEqual(Container(9000).ListItem.Property(submenuVisibility),x2)</visible>
		</item>
	</include>
	<include name="HomeSubMenuMovies">
		<item>
			<label>16101</label>
			<onclick>ActivateWindow(Videos,special://skin/extras/Unwatched.xsp,return)</onclick>
			<icon />
			<thumb />
			<visible>String.IsEqual(Container(9000).ListItem.Property(submenuVisibility),x10)</visible>
		</item>
		<item>
			<label>575</label>
			<onclick>ActivateWindow(Videos,special://skin/extras/InProgress.xsp,return)</onclick>
			<icon />
			<thumb />
			<visible>String.IsEqual(Container(9000).ListItem.Property(submenuVisibility),x10)</visible>
		</item>
		<item>
			<label>31328</label>
			<onclick>ActivateWindow(Videos,RecentlyAddedMovies,return)</onclick>
			<icon />
			<thumb />
			<visible>String.IsEqual(Container(9000).ListItem.Property(submenuVisibility),x10)</visible>
		</item>
		<item>
			<label>20434</label>
			<onclick>ActivateWindow(Videos,MovieSets,return)</onclick>
			<icon />
			<thumb />
			<visible>Library.HasContent(MovieSets) + String.IsEqual(Container(9000).ListItem.Property(submenuVisibility),x10)</visible>
		</item>
		<item>
			<label>135</label>
			<onclick>ActivateWindow(Videos,MovieGenres,return)</onclick>
			<icon />
			<thumb />
			<visible>String.IsEqual(Container(9000).ListItem.Property(submenuVisibility),x10)</visible>
		</item>
		<item>
			<label>652</label>
			<onclick>ActivateWindow(Videos,MovieYears,return)</onclick>
			<icon />
			<thumb />
			<visible>String.IsEqual(Container(9000).ListItem.Property(submenuVisibility),x10)</visible>
		</item>
		<item>
			<label>344</label>
			<onclick>ActivateWindow(Videos,MovieActors,return)</onclick>
			<icon />
			<thumb />
			<visible>String.IsEqual(Container(9000).ListItem.Property(submenuVisibility),x10)</visible>
		</item>
		<item>
			<label>20459</label>
			<onclick>ActivateWindow(Videos,MovieTags,return)</onclick>
			<icon />
			<thumb />
			<visible>String.IsEqual(Container(9000).ListItem.Property(submenuVisibility),x10)</visible>
		</item>
	</include>
	<include name="HomeSubMenuTVShows">
		<item>
			<label>369</label>
			<onclick>ActivateWindow(Videos,TVShowTitles,return)</onclick>
			<icon />
			<thumb />
			<visible>String.IsEqual(Container(9000).ListItem.Property(submenuVisibility),x11) +!System.HasAddon(script.tv.show.next.aired)</visible>
		</item>
		<item>
			<label>$ADDON[script.tv.show.next.aired 32019]</label>
			<onclick>RunAddon(script.tv.show.next.aired,return)</onclick>
			<icon />
			<thumb />
			<visible>String.IsEqual(Container(9000).ListItem.Property(submenuVisibility),x11) + System.HasAddon(script.tv.show.next.aired)</visible>
		</item>
		<item>
			<label>575</label>
			<onclick>ActivateWindow(Videos,library://video/inprogressshows.xml,return)</onclick>
			<icon />
			<thumb />
			<visible>String.IsEqual(Container(9000).ListItem.Property(submenuVisibility),x11)</visible>
		</item>
		<item>
			<label>31328</label>
			<onclick>ActivateWindow(Videos,RecentlyAddedEpisodes,return)</onclick>
			<icon />
			<thumb />
			<visible>String.IsEqual(Container(9000).ListItem.Property(submenuVisibility),x11)</visible>
		</item>
		<item>
			<label>135</label>
			<onclick>ActivateWindow(Videos,TVShowGenres,return)</onclick>
			<icon />
			<thumb />
			<visible>String.IsEqual(Container(9000).ListItem.Property(submenuVisibility),x11)</visible>
		</item>
		<item>
			<label>652</label>
			<onclick>ActivateWindow(Videos,TvShowYears,return)</onclick>
			<icon />
			<thumb />
			<visible>String.IsEqual(Container(9000).ListItem.Property(submenuVisibility),x11)</visible>
		</item>
		<item>
			<label>344</label>
			<onclick>ActivateWindow(Videos,TvShowActors,return)</onclick>
			<icon />
			<thumb />
			<visible>String.IsEqual(Container(9000).ListItem.Property(submenuVisibility),x11)</visible>
		</item>
	</include>
	<include name="HomeSubMenuMusic">
		<item>
			<label>133</label>
			<onclick>ActivateWindow(Music,Artists,return)</onclick>
			<icon />
			<thumb />
			<visible>String.IsEqual(Container(9000).ListItem.Property(submenuVisibility),x3)</visible>
		</item>
		<item>
			<label>132</label>
			<onclick>ActivateWindow(Music,Albums,return)</onclick>
			<icon />
			<thumb />
			<visible>String.IsEqual(Container(9000).ListItem.Property(submenuVisibility),x3)</visible>
		</item>
		<item>
			<label>134</label>
			<onclick>ActivateWindow(Music,Songs,return)</onclick>
			<icon />
			<thumb />
			<visible>String.IsEqual(Container(9000).ListItem.Property(submenuVisibility),x3)</visible>
		</item>
		<item>
			<label>744</label>
			<onclick>ActivateWindow(Music,Files,return)</onclick>
			<icon />
			<thumb />
			<visible>String.IsEqual(Container(9000).ListItem.Property(submenuVisibility),x3)</visible>
		</item>
		<item>
			<label>14022</label>
			<onclick>ActivateWindow(Music,root)</onclick>
			<icon />
			<thumb />
			<visible>String.IsEqual(Container(9000).ListItem.Property(submenuVisibility),x3)</visible>
		</item>
		<item>
			<label>24001</label>
			<onclick>ActivateWindow(Music,Addons,return)</onclick>
			<icon />
			<thumb />
			<visible>String.IsEqual(Container(9000).ListItem.Property(submenuVisibility),x3)</visible>
		</item>
	</include>
	<include name="HomeSubMenuPrograms">
		<item>
			<label>20244</label>
			<onclick>ActivateWindow(Programs)</onclick>
			<icon />
			<thumb />
			<visible>String.IsEqual(Container(9000).ListItem.Property(submenuVisibility),x1) + System.Platform(Android)</visible>
		</item>
		<item>
			<label>15016</label>
			<onclick>SetProperty(Progams.Games,True,home)</onclick>
			<onclick>RunAddon(plugin.program.advanced.launcher)</onclick>
			<icon />
			<thumb />
			<visible>String.IsEqual(Container(9000).ListItem.Property(submenuVisibility),x1) + System.HasAddon(plugin.program.advanced.launcher)</visible>
		</item>
		<item>
			<label>1037</label>
			<onclick>ActivateWindow(Videos,Addons,return)</onclick>
			<icon />
			<thumb />
			<visible>String.IsEqual(Container(9000).ListItem.Property(submenuVisibility),x1)</visible>
		</item>
		<item>
			<label>1038</label>
			<onclick>ActivateWindow(Music,Addons,return)</onclick>
			<icon />
			<thumb />
			<visible>String.IsEqual(Container(9000).ListItem.Property(submenuVisibility),x1)</visible>
		</item>
		<item>
			<label>1039</label>
			<onclick>ActivateWindow(Pictures,Addons,return)</onclick>
			<icon />
			<thumb />
			<visible>String.IsEqual(Container(9000).ListItem.Property(submenuVisibility),x1)</visible>
		</item>
	</include>
	<include name="HomeSubMenuSettings">
		<item>
			<label>24001</label>
			<onclick>ActivateWindow(AddonBrowser)</onclick>
			<icon />
			<thumb />
			<visible>String.IsEqual(Container(9000).ListItem.Property(submenuVisibility),x5)</visible>
		</item>
		<item>
			<label>20077</label>
			<onclick>ActivateWindow(SkinSettings)</onclick>
			<icon />
			<thumb />
			<visible>String.IsEqual(Container(9000).ListItem.Property(submenuVisibility),x5)</visible>
		</item>
		<item>
			<label>7</label>
			<onclick>ActivateWindow(FileManager)</onclick>
			<icon />
			<thumb />
			<visible>String.IsEqual(Container(9000).ListItem.Property(submenuVisibility),x5)</visible>
		</item>
		<item>
			<label>13200</label>
			<onclick>ActivateWindow(Profiles)</onclick>
			<icon />
			<thumb />
			<visible>String.IsEqual(Container(9000).ListItem.Property(submenuVisibility),x5)</visible>
		</item>
		<item>
			<label>130</label>
			<onclick>ActivateWindow(SystemInfo)</onclick>
			<icon />
			<thumb />
			<visible>String.IsEqual(Container(9000).ListItem.Property(submenuVisibility),x5)</visible>
		</item>
	</include>
	<include name="HomeSubMenuShutdown">
		<item>
			<label>$LOCALIZE[19040]</label>
			<onclick>AlarmClock(shutdowntimer,Shutdown())</onclick>
			<visible>System.CanPowerDown | System.CanSuspend | System.CanHibernate</visible>
			<visible>!System.HasAlarm(shutdowntimer)</visible>
			<visible>String.IsEqual(Container(9000).ListItem.Property(submenuVisibility),x6)</visible>
		</item>
		<item>
			<label>$LOCALIZE[222]</label>
			<onclick>CancelAlarm(shutdowntimer)</onclick>
			<visible>System.HasAlarm(shutdowntimer)</visible>
			<visible>String.IsEqual(Container(9000).ListItem.Property(submenuVisibility),x6)</visible>
		</item>
		<item>
			<label>$LOCALIZE[13016]</label>
			<onclick>Powerdown()</onclick>
			<visible>String.IsEqual(Container(9000).ListItem.Property(submenuVisibility),x6)</visible>
		</item>
		<item>
			<label>13013</label>
			<onclick>Reset()</onclick>
			<visible>String.IsEqual(Container(9000).ListItem.Property(submenuVisibility),x6)</visible>
		</item>
		<item>
			<label>13011</label>
			<onclick>Suspend()</onclick>
			<visible>String.IsEqual(Container(9000).ListItem.Property(submenuVisibility),x6)</visible>
		</item>
		<item>
			<label>13010</label>
			<onclick>Hibernate()</onclick>
			<visible>String.IsEqual(Container(9000).ListItem.Property(submenuVisibility),x6)</visible>
		</item>
		<item>
			<label>20126</label>
			<onclick>System.LogOff</onclick>
			<visible>String.IsEqual(Container(9000).ListItem.Property(submenuVisibility),x6)</visible>
		</item>
		<item>
			<label>13009</label>
			<onclick>Quit</onclick>
			<visible>String.IsEqual(Container(9000).ListItem.Property(submenuVisibility),x6)</visible>
		</item>
	</include>
	<include name="HomeSubMenuPictures">
		<item>
			<label>24001</label>
			<onclick>ActivateWindow(Pictures,Addons,return)</onclick>
			<icon />
			<thumb />
			<visible>String.IsEqual(Container(9000).ListItem.Property(submenuVisibility),x4)</visible>
		</item>
	</include>
	<include name="HomeSubMenuLiveTV">
		<item>
			<label>19023</label>
			<onclick>ActivateWindow(TVChannels)</onclick>
			<icon />
			<thumb />
			<visible>String.IsEqual(Container(9000).ListItem.Property(submenuVisibility),x12)</visible>
		</item>
		<item>
			<label>19024</label>
			<onclick>ActivateWindow(RadioChannels)</onclick>
			<icon />
			<thumb />
			<visible>String.IsEqual(Container(9000).ListItem.Property(submenuVisibility),x12)</visible>
		</item>
		<item>
			<label>19069</label>
			<onclick>ActivateWindow(TVGuide)</onclick>
			<icon />
			<thumb />
			<visible>String.IsEqual(Container(9000).ListItem.Property(submenuVisibility),x12)</visible>
		</item>
		<item>
			<label>19163</label>
			<onclick>ActivateWindow(TVRecordings)</onclick>
			<icon />
			<thumb />
			<visible>String.IsEqual(Container(9000).ListItem.Property(submenuVisibility),x12)</visible>
		</item>
		<item>
			<label>19040</label>
			<onclick>ActivateWindow(TVTimers)</onclick>
			<icon />
			<thumb />
			<visible>String.IsEqual(Container(9000).ListItem.Property(submenuVisibility),x12)</visible>
		</item>
	</include>
	<include name="HomeSubMenuMusicVideos">
		<item>
			<label>133</label>
			<onclick>ActivateWindow(Videos,MusicVideoArtists,return)</onclick>
			<icon />
			<thumb />
			<visible>String.IsEqual(Container(9000).ListItem.Property(submenuVisibility),x13)</visible>
		</item>
		<item>
			<label>135</label>
			<onclick>ActivateWindow(Videos,MusicVideoGenres,return)</onclick>
			<icon />
			<thumb />
			<visible>String.IsEqual(Container(9000).ListItem.Property(submenuVisibility),x13)</visible>
		</item>
		<item>
			<label>31328</label>
			<onclick>ActivateWindow(Videos,RecentlyAddedMusicVideos,return)</onclick>
			<icon />
			<thumb />
			<visible>String.IsEqual(Container(9000).ListItem.Property(submenuVisibility),x13)</visible>
		</item>
		<item>
			<label>652</label>
			<onclick>ActivateWindow(Videos,MusicVideoYears,return)</onclick>
			<icon />
			<thumb />
			<visible>String.IsEqual(Container(9000).ListItem.Property(submenuVisibility),x13)</visible>
		</item>
		<item>
			<label>20459</label>
			<onclick>ActivateWindow(Videos,MusicVideoTags,return)</onclick>
			<icon />
			<thumb />
			<visible>String.IsEqual(Container(9000).ListItem.Property(submenuVisibility),x13)</visible>
		</item>
	</include>
	<include name="FallbackSubMenu">
		<content>
			<include>HomeSubMenuVideos</include>
			<include>HomeSubMenuMovies</include>
			<include>HomeSubMenuTVShows</include>
			<include>HomeSubMenuMusic</include>
			<include>HomeSubMenuPrograms</include>
			<include>HomeSubMenuSettings</include>
			<include>HomeSubMenuShutdown</include>
			<include>HomeSubMenuPictures</include>
			<include>HomeSubMenuLiveTV</include>
			<include>HomeSubMenuMusicVideos</include>
		</content>
	</include>
	<include name="CustomSubMenu">
		<content>
			<include>skinshortcuts-submenu</include>
		</content>
	</include>
</includes>
